width,aspect_ratio,rim_dia,rim_width,load,pressure,speed,brand,pattern,compound,group,test_type,trial,mu_peak,slip_peak,mu_lock,date
225,50,18,7.0,6000.0,200,64,GOODYEAR,ASSURANCE TRIPLEMAXX,,BM,Mu Slip - Wet,1,0.7980404689264018,0.1381516287006522,0.4778008926694903,2026-02-04
225,50,18,7.0,6000.0,200,64,GOODYEAR,ASSURANCE TRIPLEMAXX,,BM,Mu Slip - Wet,2,0.7574568916967526,0.2004179256515225,0.4349956984444278,2026-02-04
225,50,18,7.0,6000.0,200,64,GOODYEAR,ASSURANCE TRIPLEMAXX,,BM,Mu Slip - Wet,3,0.8262293180777135,0.09424956655048758,0.5193809044655557,2026-02-04
225,50,18,7.0,6000.0,200,64,GOODYEAR,ASSURANCE TRIPLEMAXX,,BM,Mu Slip - Wet,4,0.7892629065742812,0.0672210107419638,0.4233937681622311,2026-02-04
225,50,18,7.0,6000.0,200,64,GOODYEAR,ASSURANCE TRIPLEMAXX,,BM,Mu Slip - Wet,5,0.7710592618234733,0.09199303045628168,0.4823688220760457,2026-02-04
225,50,18,7.0,6000.0,200,64,GOODYEAR,ASSURANCE TRIPLEMAXX,,BM,Mu Slip - Wet,6,0.7887090850029892,0.1462507875350868,0.4990554325784078,2026-02-04
225,50,18,7.0,6000.0,200,64,GOODYEAR,ASSURANCE TRIPLEMAXX,,BM,Mu Slip - Dry,1,0.9886816942669652,0.218789839615209,0.7170706601218234,2026-02-04
225,50,18,7.0,6000.0,200,64,GOODYEAR,ASSURANCE TRIPLEMAXX,,BM,Mu Slip - Dry,2,1.012919153573694,0.1477547983266651,0.7213444232526327,2026-02-04
225,50,18,7.0,6000.0,200,64,GOODYEAR,ASSURANCE TRIPLEMAXX,,BM,Mu Slip - Dry,3,1.055000913502692,0.1075144984893683,0.6622652140918992,2026-02-04
225,50,18,7.0,6000.0,200,64,GOODYEAR,ASSURANCE TRIPLEMAXX,,BM,Mu Slip - Dry,4,0.9722882031517758,0.2292171637464284,0.6838559952778244,2026-02-04
225,50,18,7.0,6000.0,200,64,GOODYEAR,ASSURANCE TRIPLEMAXX,,BM,Mu Slip - Dry,5,0.9143117017488027,0.227725535512816,0.7409813921694044,2026-02-04
225,50,18,7.0,6000.0,200,64,GOODYEAR,ASSURANCE TRIPLEMAXX,,BM,Mu Slip - Dry,6,0.9384547935397967,0.1899896641737097,0.6710562303489942,2026-02-04
225,50,19,7.0,6000.0,200,64,Apollo,ASPIRE 5,ST540T,5C,Mu Slip - Wet,1,0.7969888616328288,0.1232956703136814,0.4404228915367925,2026-02-04
225,50,19,7.0,6000.0,200,64,Apollo,ASPIRE 5,ST540T,5C,Mu Slip - Wet,2,0.7893539782703339,0.07461102604546513,0.4241765235755436,2026-02-04
225,50,19,7.0,6000.0,200,64,Apollo,ASPIRE 5,ST540T,5C,Mu Slip - Wet,3,0.7635909201818942,0.1906348204029875,0.4332369115219405,2026-02-04
225,50,19,7.0,6000.0,200,64,Apollo,ASPIRE 5,ST540T,5C,Mu Slip - Wet,4,0.7942505811704136,0.07471059348649096,0.4005480316139286,2026-02-04
225,50,19,7.0,6000.0,200,64,Apollo,ASPIRE 5,ST540T,5C,Mu Slip - Wet,5,0.8578620561679695,0.1086961969823815,0.4688684439859274,2026-02-04
225,50,19,7.0,6000.0,200,64,Apollo,ASPIRE 5,ST540T,5C,Mu Slip - Wet,6,0.8040796736531515,0.1904317678042319,0.4437804718550128,2026-02-04
225,50,19,7.0,6000.0,200,64,Apollo,ASPIRE 5,ST540T,5C,Mu Slip - Dry,1,0.9842990207680418,0.1365152441034613,0.612392200310722,2026-02-04
225,50,19,7.0,6000.0,200,64,Apollo,ASPIRE 5,ST540T,5C,Mu Slip - Dry,2,0.9901409373227296,0.1620095073525693,0.6236764118145766,2026-02-04
225,50,19,7.0,6000.0,200,64,Apollo,ASPIRE 5,ST540T,5C,Mu Slip - Dry,3,1.0363318888551,0.1526486125361807,0.6728290622066437,2026-02-04
225,50,19,7.0,6000.0,200,64,Apollo,ASPIRE 5,ST540T,5C,Mu Slip - Dry,4,0.9983796017123151,0.2132248189437,0.6157545775052808,2026-02-04
225,50,19,7.0,6000.0,200,64,Apollo,ASPIRE 5,ST540T,5C,Mu Slip - Dry,5,0.9935610632910391,0.1880306281000576,0.6224743948485691,2026-02-04
225,50,19,7.0,6000.0,200,64,Apollo,ASPIRE 5,ST540T,5C,Mu Slip - Dry,6,0.9895928956333314,0.225013207665594,0.6429022860977571,2026-02-04
225,50,19,7.0,6000.0,200,64,Apollo,ASPIRE 5,ST540,5A,Mu Slip - Wet,1,0.7992328788202139,0.1260311388019107,0.4329675152269669,2026-02-04
225,50,19,7.0,6000.0,200,64,Apollo,ASPIRE 5,ST540,5A,Mu Slip - Wet,2,0.7404480161581166,0.107515125186287,0.3949760459999886,2026-02-04
225,50,19,7.0,6000.0,200,64,Apollo,ASPIRE 5,ST540,5A,Mu Slip - Wet,3,0.7229681909797301,0.1203459214340743,0.3859717817347015,2026-02-04
225,50,19,7.0,6000.0,200,64,Apollo,ASPIRE 5,ST540,5A,Mu Slip - Wet,4,0.7396342197239811,0.1123156751154716,0.3972388916239126,2026-02-04
225,50,19,7.0,6000.0,200,64,Apollo,ASPIRE 5,ST540,5A,Mu Slip - Wet,5,0.7518982458265165,0.08005013900761265,0.3610713460278535,2026-02-04
225,50,19,7.0,6000.0,200,64,Apollo,ASPIRE 5,ST540,5A,Mu Slip - Wet,6,0.8113605937673756,0.08641932970003711,0.4465184612726766,2026-02-04
225,50,19,7.0,6000.0,200,64,Apollo,ASPIRE 5,ST540,5A,Mu Slip - Dry,1,1.047537387376856,0.1081403827050984,0.6767621106627129,2026-02-04
225,50,19,7.0,6000.0,200,64,Apollo,ASPIRE 5,ST540,5A,Mu Slip - Dry,2,0.9973927094921551,0.09309913631640224,0.689649811991186,2026-02-04
225,50,19,7.0,6000.0,200,64,Apollo,ASPIRE 5,ST540,5A,Mu Slip - Dry,3,1.015753514745216,0.1163034756220611,0.6408279519249584,2026-02-04
225,50,19,7.0,6000.0,200,64,Apollo,ASPIRE 5,ST540,5A,Mu Slip - Dry,4,0.9788942176600337,0.1621797597509237,0.6901751069577623,2026-02-04
225,50,19,7.0,6000.0,200,64,Apollo,ASPIRE 5,ST540,5A,Mu Slip - Dry,5,1.010840776955626,0.1407715956503176,0.6934515511052841,2026-02-04
225,50,19,7.0,6000.0,200,64,Apollo,ASPIRE 5,ST540,5A,Mu Slip - Dry,6,1.008785300430237,0.1020627591706298,0.7072494172221033,2026-02-04
205,65,16,6.0,6768.900000000001,250,80,Apollo,APTERRA HLs,ST398,Regular,Mu Slip - Wet,1,0.8190936661552154,0.1097950107723706,0.5245348455075269,2026-01-29
205,65,16,6.0,6768.900000000001,250,80,Apollo,APTERRA HLs,ST398,Regular,Mu Slip - Wet,2,0.8204668921075907,0.11208048682003,0.4580837233640084,2026-01-29
205,65,16,6.0,6768.900000000001,250,80,Apollo,APTERRA HLs,ST398,Regular,Mu Slip - Wet,3,0.8306930729335266,0.08954310267000304,0.5255110355272825,2026-01-29
205,65,16,6.0,6768.900000000001,250,80,Apollo,APTERRA HLs,ST398,Regular,Mu Slip - Wet,4,0.8490687763036229,0.1243971092495654,0.478630293617767,2026-01-29
205,65,16,6.0,6768.900000000001,250,80,Apollo,APTERRA HLs,ST398,Regular,Mu Slip - Wet,5,0.8725257417946233,0.06999077983596111,0.5321021597426067,2026-01-29
205,65,16,6.0,6768.900000000001,250,80,Apollo,APTERRA HLs,ST398,Regular,Mu Slip - Wet,6,0.856772856419099,0.1074933866699741,0.5524764056536939,2026-01-29
205,65,16,6.0,6768.900000000001,250,80,Apollo,APTERRA HLs,ST398,Regular,Mu Slip - Dry,1,0.9811935996220997,0.0882735873403253,0.5930329594995293,2026-01-29
205,65,16,6.0,6768.900000000001,250,80,Apollo,APTERRA HLs,ST398,Regular,Mu Slip - Dry,2,0.9790295453707053,0.1059500577508815,0.5343548855632634,2026-01-29
205,65,16,6.0,6768.900000000001,250,80,Apollo,APTERRA HLs,ST398,Regular,Mu Slip - Dry,3,0.9809245939251454,0.1025006079820841,0.5724129904814215,2026-01-29
205,65,16,6.0,6768.900000000001,250,80,Apollo,APTERRA HLs,ST398,Regular,Mu Slip - Dry,4,0.9330149257698039,0.139642733863043,0.5537785963436883,2026-01-29
205,65,16,6.0,6768.900000000001,250,80,Apollo,APTERRA HLs,ST398,Regular,Mu Slip - Dry,5,0.9962428518662533,0.1241872539143515,0.6000627532275307,2026-01-29
205,65,16,6.0,6768.900000000001,250,80,Apollo,APTERRA HLs,ST398M,Trial,Mu Slip - Wet,1,0.8563067050795425,0.09535581375104256,0.5384595059515943,2026-01-29
205,65,16,6.0,6768.900000000001,250,80,Apollo,APTERRA HLs,ST398M,Trial,Mu Slip - Wet,2,0.8105752896190855,0.1034307985569288,0.424175412820382,2026-01-29
205,65,16,6.0,6768.900000000001,250,80,Apollo,APTERRA HLs,ST398M,Trial,Mu Slip - Wet,3,0.8387188628914745,0.1236282182471757,0.4435746319910111,2026-01-29
205,65,16,6.0,6768.900000000001,250,80,Apollo,APTERRA HLs,ST398M,Trial,Mu Slip - Wet,4,0.8003149632971148,0.06726140041751746,0.4273523208174348,2026-01-29
205,65,16,6.0,6768.900000000001,250,80,Apollo,APTERRA HLs,ST398M,Trial,Mu Slip - Wet,5,0.7978299267158503,0.08071784577884658,0.4471227638649767,2026-01-29
205,65,16,6.0,6768.900000000001,250,80,Apollo,APTERRA HLs,ST398M,Trial,Mu Slip - Wet,6,0.8215015174431004,0.1172596267231729,0.4072971726131784,2026-01-29
205,65,16,6.0,6768.900000000001,250,80,Apollo,APTERRA HLs,ST398M,Trial,Mu Slip - Dry,1,0.9910311434825111,0.1084309213434052,0.6050575076670017,2026-01-29
205,65,16,6.0,6768.900000000001,250,80,Apollo,APTERRA HLs,ST398M,Trial,Mu Slip - Dry,2,1.006043261886816,0.1026627490194579,0.5778678415305739,2026-01-29
205,65,16,6.0,6768.900000000001,250,80,Apollo,APTERRA HLs,ST398M,Trial,Mu Slip - Dry,3,0.990530860480854,0.09907870145644766,0.5894909774046502,2026-01-29
205,65,16,6.0,6768.900000000001,250,80,Apollo,APTERRA HLs,ST398M,Trial,Mu Slip - Dry,4,0.9830466194945655,0.1318090290864056,0.5996907524059951,2026-01-29
205,65,16,6.0,6768.900000000001,250,80,Apollo,APTERRA HLs,ST398M,Trial,Mu Slip - Dry,5,0.9785708544871842,0.1176542094514527,0.6251423982386553,2026-01-29
205,65,16,6.0,6768.900000000001,250,80,Apollo,APTERRA HLs,ST398M,Trial,Mu Slip - Dry,6,1.002545857856977,0.0972158360247519,0.6455220629256349,2026-01-29
205,55,16,6.5,6033.150000000001,250,80,Apollo,Alnac 4G,ST446,Regular,Mu Slip - Wet,1,0.7965021136683214,0.08591894513602606,0.4612648600342364,2026-01-30
205,55,16,6.5,6033.150000000001,250,80,Apollo,Alnac 4G,ST446,Regular,Mu Slip - Wet,2,0.7765571913243647,0.1795857018930821,0.4108554912226637,2026-01-30
205,55,16,6.5,6033.150000000001,250,80,Apollo,Alnac 4G,ST446,Regular,Mu Slip - Wet,3,0.8656862693709326,0.1251408001436531,0.5527571384341279,2026-01-30
205,55,16,6.5,6033.150000000001,250,80,Apollo,Alnac 4G,ST446,Regular,Mu Slip - Wet,4,0.8807024132381429,0.0782434623262345,0.4201543761395743,2026-01-30
205,55,16,6.5,6033.150000000001,250,80,Apollo,Alnac 4G,ST446,Regular,Mu Slip - Wet,5,0.8348480063790091,0.1055601667216838,0.4144590210375938,2026-01-30
205,55,16,6.5,6033.150000000001,250,80,Apollo,Alnac 4G,ST446,Regular,Mu Slip - Dry,1,0.9817507740201028,0.1079811826736063,0.5030603675983791,2026-01-30
205,55,16,6.5,6033.150000000001,250,80,Apollo,Alnac 4G,ST446,Regular,Mu Slip - Dry,2,1.013539129868007,0.102097086966525,0.5004452212241045,2026-01-30
205,55,16,6.5,6033.150000000001,250,80,Apollo,Alnac 4G,ST446,Regular,Mu Slip - Dry,3,1.051032147394368,0.1213724408501358,0.6453089220483542,2026-01-30
205,55,16,6.5,6033.150000000001,250,80,Apollo,Alnac 4G,ST446,Regular,Mu Slip - Dry,4,1.031249286962618,0.1048031306014238,0.6088745515747468,2026-01-30
205,55,16,6.5,6033.150000000001,250,80,Apollo,Alnac 4G,ST446,Regular,Mu Slip - Dry,5,0.9980236592814407,0.1288315385563643,0.5591143496580804,2026-01-30
205,55,16,6.5,6033.150000000001,250,80,Apollo,Alnac 4G,ST446,Regular,Mu Slip - Dry,6,1.029388140373048,0.1256505921168456,0.5332063448943926,2026-01-30
205,55,16,6.5,6033.150000000001,250,80,Apollo,Alnac 4G,ST446M,Trial,Mu Slip - Wet,1,0.8207408062676954,0.07088510401309282,0.4318022655688065,2026-01-30
205,55,16,6.5,6033.150000000001,250,80,Apollo,Alnac 4G,ST446M,Trial,Mu Slip - Wet,2,0.8656629684853838,0.103943244518703,0.4513237207056,2026-01-30
205,55,16,6.5,6033.150000000001,250,80,Apollo,Alnac 4G,ST446M,Trial,Mu Slip - Wet,3,0.8503797257748855,0.1107101976919859,0.3910707818342989,2026-01-30
205,55,16,6.5,6033.150000000001,250,80,Apollo,Alnac 4G,ST446M,Trial,Mu Slip - Wet,4,0.8511704536850775,0.1224343561095314,0.4330756163207948,2026-01-30
205,55,16,6.5,6033.150000000001,250,80,Apollo,Alnac 4G,ST446M,Trial,Mu Slip - Wet,5,0.8316358595334389,0.1075202442105397,0.4369535543982052,2026-01-30
205,55,16,6.5,6033.150000000001,250,80,Apollo,Alnac 4G,ST446M,Trial,Mu Slip - Wet,6,0.843170360491315,0.1327146777746525,0.4289811562456289,2026-01-30
205,55,16,6.5,6033.150000000001,250,80,Apollo,Alnac 4G,ST446M,Trial,Mu Slip - Dry,1,1.028357898250872,0.1349929590149206,0.5252091754010324,2026-01-30
205,55,16,6.5,6033.150000000001,250,80,Apollo,Alnac 4G,ST446M,Trial,Mu Slip - Dry,2,1.035981132398121,0.1320538886629416,0.5115347651080269,2026-01-30
205,55,16,6.5,6033.150000000001,250,80,Apollo,Alnac 4G,ST446M,Trial,Mu Slip - Dry,3,1.033152752843364,0.1343321120984935,0.5485705949405022,2026-01-30
205,55,16,6.5,6033.150000000001,250,80,Apollo,Alnac 4G,ST446M,Trial,Mu Slip - Dry,4,1.048389247820382,0.1415536915244689,0.5115830049631127,2026-01-30
205,55,16,6.5,6033.150000000001,250,80,Apollo,Alnac 4G,ST446M,Trial,Mu Slip - Dry,5,1.064843431333354,0.1451639323963828,0.5600110374228167,2026-01-30
205,55,16,6.5,6033.150000000001,250,80,Apollo,Alnac 4G,ST446M,Trial,Mu Slip - Dry,6,1.057465971211231,0.1335792922441082,0.5993793279859121,2026-01-30
215,60,17,6.5,6965.1,250,80,Apollo,APTERRA CROSS,ST418,Regular,Mu Slip - Wet,1,0.7317758043489119,0.09891812810900791,0.3851149707962161,2026-02-02
215,60,17,6.5,6965.1,250,80,Apollo,APTERRA CROSS,ST418,Regular,Mu Slip - Wet,2,0.8660654669413537,0.0764763722802248,0.4601998878790169,2026-02-02
215,60,17,6.5,6965.1,250,80,Apollo,APTERRA CROSS,ST418,Regular,Mu Slip - Wet,3,0.864653951465824,0.08806454719502457,0.4505361490391174,2026-02-02
215,60,17,6.5,6965.1,250,80,Apollo,APTERRA CROSS,ST418,Regular,Mu Slip - Wet,4,0.7717833810489964,0.1053720624202874,0.4727230699821474,2026-02-02
215,60,17,6.5,6965.1,250,80,Apollo,APTERRA CROSS,ST418,Regular,Mu Slip - Wet,5,0.7746942858209612,0.09682474395180758,0.4311114806917667,2026-02-02
215,60,17,6.5,6965.1,250,80,Apollo,APTERRA CROSS,ST418,Regular,Mu Slip - Wet,6,0.7937893207606351,0.08488859536440439,0.4542821117079144,2026-02-02
215,60,17,6.5,6965.1,250,80,Apollo,APTERRA CROSS,ST418,Regular,Mu Slip - Dry,1,0.8959420598658744,0.1829658276782268,0.6163252573685416,2026-02-02
215,60,17,6.5,6965.1,250,80,Apollo,APTERRA CROSS,ST418,Regular,Mu Slip - Dry,2,0.8937593807995168,0.165698093666959,0.5946116657230759,2026-02-02
215,60,17,6.5,6965.1,250,80,Apollo,APTERRA CROSS,ST418,Regular,Mu Slip - Dry,3,0.9445509086564222,0.2114677135211385,0.5676259229238307,2026-02-02
215,60,17,6.5,6965.1,250,80,Apollo,APTERRA CROSS,ST418,Regular,Mu Slip - Dry,4,0.9351720995688424,0.18465809246144,0.5444813491151325,2026-02-02
215,60,17,6.5,6965.1,250,80,Apollo,APTERRA CROSS,ST418,Regular,Mu Slip - Dry,5,0.9410389213898093,0.2128046969973701,0.5464821311717953,2026-02-02
215,60,17,6.5,6965.1,250,80,Apollo,APTERRA CROSS,ST418,Regular,Mu Slip - Dry,6,0.9226117168087736,0.2083267121241312,0.5791355362429239,2026-02-02
215,60,17,6.5,6965.1,250,80,Apollo,APTERRA CROSS,ST418M,Trial,Mu Slip - Wet,1,0.7745065297452959,0.09054772601171515,0.4376540773722178,2026-02-02
215,60,17,6.5,6965.1,250,80,Apollo,APTERRA CROSS,ST418M,Trial,Mu Slip - Wet,2,0.7171026018514631,0.1053864023116022,0.412285420725499,2026-02-02
215,60,17,6.5,6965.1,250,80,Apollo,APTERRA CROSS,ST418M,Trial,Mu Slip - Wet,3,0.7898309702387217,0.1156284975203388,0.3668780531437067,2026-02-02
215,60,17,6.5,6965.1,250,80,Apollo,APTERRA CROSS,ST418M,Trial,Mu Slip - Wet,4,0.746618353022096,0.07705047825137035,0.4142769117995008,2026-02-02
215,60,17,6.5,6965.1,250,80,Apollo,APTERRA CROSS,ST418M,Trial,Mu Slip - Dry,1,0.9490216908267903,0.08174004439469443,0.5789639210700068,2026-02-02
215,60,17,6.5,6965.1,250,80,Apollo,APTERRA CROSS,ST418M,Trial,Mu Slip - Dry,2,0.9491973823664113,0.1182194363651415,0.5678038190220611,2026-02-02
215,60,17,6.5,6965.1,250,80,Apollo,APTERRA CROSS,ST418M,Trial,Mu Slip - Dry,3,0.9631298872842017,0.1430198201319903,0.5978611958442958,2026-02-02
215,60,17,6.5,6965.1,250,80,Apollo,APTERRA CROSS,ST418M,Trial,Mu Slip - Dry,4,0.9765087238662502,0.1193024943969072,0.565517629197393,2026-02-02
215,60,17,6.5,6965.1,250,80,Apollo,APTERRA CROSS,ST418M,Trial,Mu Slip - Dry,5,0.9487786450599582,0.1201279305030112,0.5985626154117895,2026-02-02
215,60,17,6.5,6965.1,250,80,Apollo,APTERRA CROSS,ST418M,Trial,Mu Slip - Dry,6,0.9868105300537675,0.1458096026520977,0.5684388452118603,2026-02-02
225,50,18,7.0,6000.0,200,64,GOODYEAR,ASSURANCE TRIPLEMAXX,,BM,Mu Slip - Wet,1,0.8357183351776524,0.1044872487001208,0.6019918305977822,2026-01-13
225,50,18,7.0,6000.0,200,64,GOODYEAR,ASSURANCE TRIPLEMAXX,,BM,Mu Slip - Wet,2,0.816651856886951,0.1451281454897377,0.5785365128355675,2026-01-13
225,50,18,7.0,6000.0,200,64,GOODYEAR,ASSURANCE TRIPLEMAXX,,BM,Mu Slip - Wet,3,0.8010023697532344,0.08035084804798284,0.4980832053954539,2026-01-13
225,50,18,7.0,6000.0,200,64,GOODYEAR,ASSURANCE TRIPLEMAXX,,BM,Mu Slip - Wet,4,0.8102678606069779,0.1475373385404731,0.5069524480269834,2026-01-13
225,50,18,7.0,6000.0,200,64,GOODYEAR,ASSURANCE TRIPLEMAXX,,BM,Mu Slip - Wet,5,0.8453844458098173,0.1356267532816803,0.5151404635638395,2026-01-13
225,50,18,7.0,6000.0,200,64,GOODYEAR,ASSURANCE TRIPLEMAXX,,BM,Mu Slip - Dry,1,0.9293586771147659,0.1012433767452069,0.7532611155330045,2026-01-13
225,50,18,7.0,6000.0,200,64,GOODYEAR,ASSURANCE TRIPLEMAXX,,BM,Mu Slip - Dry,2,0.9221334213768474,0.08448183086102964,0.7456884672595117,2026-01-13
225,50,18,7.0,6000.0,200,64,GOODYEAR,ASSURANCE TRIPLEMAXX,,BM,Mu Slip - Dry,3,0.9437417512453834,0.0912543108760896,0.7093830649349958,2026-01-13
225,50,18,7.0,6000.0,200,64,GOODYEAR,ASSURANCE TRIPLEMAXX,,BM,Mu Slip - Dry,4,0.938648411180915,0.1201550060449214,0.7213723688064101,2026-01-13
225,50,18,7.0,6000.0,200,64,GOODYEAR,ASSURANCE TRIPLEMAXX,,BM,Mu Slip - Dry,5,0.9039029128786222,0.09805287325813579,0.7070209248896313,2026-01-13
225,50,18,7.0,6000.0,200,64,GOODYEAR,ASSURANCE TRIPLEMAXX,,BM,Mu Slip - Dry,6,0.9630149727658356,0.1054920657893497,0.762476389459662,2026-01-13
225,50,19,7.0,6000.0,200,64,Apollo,ASPIRE 5,ST540,4A,Mu Slip - Wet,1,0.8074320866718289,0.1083503778364375,0.5683575218140604,2026-01-13
225,50,19,7.0,6000.0,200,64,Apollo,ASPIRE 5,ST540,4A,Mu Slip - Wet,2,0.7983258898661969,0.09663878275113122,0.5845738195806017,2026-01-13
225,50,19,7.0,6000.0,200,64,Apollo,ASPIRE 5,ST540,4A,Mu Slip - Wet,3,0.7755512642747094,0.1098460251252278,0.5267212819966601,2026-01-13
225,50,19,7.0,6000.0,200,64,Apollo,ASPIRE 5,ST540,4A,Mu Slip - Wet,4,0.7975814590644159,0.1263733447762299,0.5714097214584618,2026-01-13
225,50,19,7.0,6000.0,200,64,Apollo,ASPIRE 5,ST540,4A,Mu Slip - Wet,5,0.8360490881884486,0.1487017544731574,0.5339553499911973,2026-01-13
225,50,19,7.0,6000.0,200,64,Apollo,ASPIRE 5,ST540,4A,Mu Slip - Wet,6,0.7775911255474159,0.1153661064279438,0.5262112765716905,2026-01-13
225,50,19,7.0,6000.0,200,64,Apollo,ASPIRE 5,ST540,4A,Mu Slip - Dry,1,0.9215282840988419,0.1189033458816211,0.7801529039021202,2026-01-13
225,50,19,7.0,6000.0,200,64,Apollo,ASPIRE 5,ST540,4A,Mu Slip - Dry,2,0.9647918348088304,0.1379056954100703,0.8333036817432985,2026-01-13
225,50,19,7.0,6000.0,200,64,Apollo,ASPIRE 5,ST540,4A,Mu Slip - Dry,3,0.9280503204675528,0.10627363616054,0.7748964638827909,2026-01-13
225,50,19,7.0,6000.0,200,64,Apollo,ASPIRE 5,ST540,4A,Mu Slip - Dry,4,0.9589911533625557,0.116227738897363,0.7927443225801103,2026-01-13
225,50,19,7.0,6000.0,200,64,Apollo,ASPIRE 5,ST540,4A,Mu Slip - Dry,5,0.9407422440316437,0.1230840895337827,0.796963166352221,2026-01-13
225,50,19,7.0,6000.0,200,64,Apollo,ASPIRE 5,ST540,4A,Mu Slip - Dry,6,0.9756002165210903,0.1126487701048448,0.8225309401709904,2026-01-13
215,60,17,6.5,5200.0,180,65,CEAT,SECURA DRIVE SD004,,BM,Mu Slip - Wet,1,0.8349610022719087,0.1047273846900354,0.4107446129027779,2025-12-18
215,60,17,6.5,5200.0,180,65,CEAT,SECURA DRIVE SD004,,BM,Mu Slip - Wet,2,0.8764867737082452,0.135442917259178,0.4976802848950911,2025-12-18
215,60,17,6.5,5200.0,180,65,CEAT,SECURA DRIVE SD004,,BM,Mu Slip - Wet,3,0.8634365922630736,0.0968917627333239,0.4624681637348097,2025-12-18
215,60,17,6.5,5200.0,180,65,CEAT,SECURA DRIVE SD004,,BM,Mu Slip - Wet,4,0.87350722350154,0.1158046732905971,0.4934698901388027,2025-12-18
215,60,17,6.5,5200.0,180,65,CEAT,SECURA DRIVE SD004,,BM,Mu Slip - Wet,5,0.8645090262580176,0.08046616931785719,0.4728051698862313,2025-12-18
215,60,17,6.5,5200.0,180,65,CEAT,SECURA DRIVE SD004,,BM,Mu Slip - Wet,6,0.8991493145807403,0.09910932755373755,0.5264888203986458,2025-12-18
215,60,17,6.5,5200.0,180,65,CEAT,SECURA DRIVE SD004,,BM,Mu Slip - Dry,1,1.001051695453829,0.09198139123694353,0.6207929092319199,2025-12-18
215,60,17,6.5,5200.0,180,65,CEAT,SECURA DRIVE SD004,,BM,Mu Slip - Dry,2,0.9985355941121398,0.08849195900195686,0.6575650940793467,2025-12-18
215,60,17,6.5,5200.0,180,65,CEAT,SECURA DRIVE SD004,,BM,Mu Slip - Dry,3,0.937742467655603,0.1192380531108296,0.6243097817214168,2025-12-18
215,60,17,6.5,5200.0,180,65,CEAT,SECURA DRIVE SD004,,BM,Mu Slip - Dry,4,0.961527291676096,0.08824930492783456,0.6538252065674399,2025-12-18
215,60,17,6.5,5200.0,180,65,CEAT,SECURA DRIVE SD004,,BM,Mu Slip - Dry,5,0.9262702477221696,0.1087910960578782,0.5812167127431433,2025-12-18
215,60,17,6.5,5200.0,180,65,CEAT,SECURA DRIVE SD004,,BM,Mu Slip - Dry,6,0.9141866999715947,0.1117062245235642,0.592970161777228,2025-12-18
215,60,17,6.5,5200.0,180,65,Apollo,APTERRA CROSS,ST412,Regular,Mu Slip - Wet,1,0.7909096818078867,0.1022990405993887,0.4463770573750118,2025-12-18
215,60,17,6.5,5200.0,180,65,Apollo,APTERRA CROSS,ST412,Regular,Mu Slip - Wet,2,0.8374325242712967,0.1175212705370933,0.4669698796520128,2025-12-18
215,60,17,6.5,5200.0,180,65,Apollo,APTERRA CROSS,ST412,Regular,Mu Slip - Wet,3,0.8111035566006702,0.09650719103678047,0.4492848980014462,2025-12-18
215,60,17,6.5,5200.0,180,65,Apollo,APTERRA CROSS,ST412,Regular,Mu Slip - Wet,4,0.8249249643155526,0.1067492355517714,0.4546758249060914,2025-12-18
215,60,17,6.5,5200.0,180,65,Apollo,APTERRA CROSS,ST412,Regular,Mu Slip - Wet,5,0.7780421077602824,0.1191213638304082,0.410795508965251,2025-12-18
215,60,17,6.5,5200.0,180,65,Apollo,APTERRA CROSS,ST412,Regular,Mu Slip - Wet,6,0.8440621507023522,0.1356287705403089,0.4827992687349905,2025-12-18
215,60,17,6.5,5200.0,180,65,Apollo,APTERRA CROSS,ST412,Regular,Mu Slip - Dry,1,0.9322166809030256,0.1003701992020833,0.6959126079200414,2025-12-18
215,60,17,6.5,5200.0,180,65,Apollo,APTERRA CROSS,ST412,Regular,Mu Slip - Dry,2,0.9497064535960675,0.100217349237347,0.6967934112087715,2025-12-18
215,60,17,6.5,5200.0,180,65,Apollo,APTERRA CROSS,ST412,Regular,Mu Slip - Dry,3,0.9361229235236657,0.1063097605912653,0.7331314578694992,2025-12-18
215,60,17,6.5,5200.0,180,65,Apollo,APTERRA CROSS,ST412,Regular,Mu Slip - Dry,4,0.9843230766447443,0.120256685844295,0.7950776004334413,2025-12-18
215,60,17,6.5,5200.0,180,65,Apollo,APTERRA CROSS,ST412,Regular,Mu Slip - Dry,5,0.9287286035032662,0.1047149395411014,0.7384560116632978,2025-12-18
215,60,17,6.5,5200.0,180,65,Apollo,APTERRA CROSS,ST412,Regular,Mu Slip - Dry,6,0.9258564672998982,0.1196628039484438,0.7292934722638583,2025-12-18
225,50,19,7.0,6000.0,200,64,Apollo,ASPIRE 5,ST540,3B,Mu Slip - Wet,1,0.6882626851537295,0.1322735421931885,0.3723669641810797,2025-11-14
225,50,19,7.0,6000.0,200,64,Apollo,ASPIRE 5,ST540,3B,Mu Slip - Wet,2,0.7092261467009161,0.1377004966884555,0.3754682338274197,2025-11-14
225,50,19,7.0,6000.0,200,64,Apollo,ASPIRE 5,ST540,3B,Mu Slip - Wet,3,0.7349906470777949,0.09400596845561751,0.3730956706551595,2025-11-14
225,50,19,7.0,6000.0,200,64,Apollo,ASPIRE 5,ST540,3B,Mu Slip - Wet,4,0.7111579436402555,0.1256529685342105,0.3715862148904207,2025-11-14
225,50,19,7.0,6000.0,200,64,Apollo,ASPIRE 5,ST540,3B,Mu Slip - Wet,5,0.7193496233908554,0.09460139352166606,0.3743516751721714,2025-11-14
225,50,19,7.0,6000.0,200,64,Apollo,ASPIRE 5,ST540,3B,Mu Slip - Dry,1,0.9915416594260854,0.1334857613663336,0.6451214752334158,2025-11-14
225,50,19,7.0,6000.0,200,64,Apollo,ASPIRE 5,ST540,3B,Mu Slip - Dry,2,0.9958090074431688,0.1023031314319409,0.642822979431248,2025-11-14
225,50,19,7.0,6000.0,200,64,Apollo,ASPIRE 5,ST540,3B,Mu Slip - Dry,3,0.9818473231097725,0.126704190387723,0.6477393621889707,2025-11-14
225,50,19,7.0,6000.0,200,64,Apollo,ASPIRE 5,ST540,3B,Mu Slip - Dry,4,1.038138834154817,0.08793661432567951,0.6545865580269643,2025-11-14
225,50,19,7.0,6000.0,200,64,Apollo,ASPIRE 5,ST540,3B,Mu Slip - Dry,5,1.007280423585986,0.07697005281528334,0.6358646195662717,2025-11-14
225,50,19,7.0,6000.0,200,64,Apollo,ASPIRE 5,ST540,3B,Mu Slip - Dry,6,0.9986435164854994,0.09853957771035467,0.6540202803840127,2025-11-14
225,50,19,7.0,6000.0,200,64,Apollo,ASPIRE 5,ST604,3C,Mu Slip - Wet,1,0.6633457344612202,0.1205391859349354,0.3783465953344557,2025-11-14
225,50,19,7.0,6000.0,200,64,Apollo,ASPIRE 5,ST604,3C,Mu Slip - Wet,2,0.6445571263459338,0.112133965938581,0.3441729838805153,2025-11-14
225,50,19,7.0,6000.0,200,64,Apollo,ASPIRE 5,ST604,3C,Mu Slip - Wet,3,0.6418413735508863,0.09754080733417131,0.3454468208338869,2025-11-14
225,50,19,7.0,6000.0,200,64,Apollo,ASPIRE 5,ST604,3C,Mu Slip - Wet,4,0.6641400216496419,0.1514445411897237,0.3397763251915115,2025-11-14
225,50,19,7.0,6000.0,200,64,Apollo,ASPIRE 5,ST604,3C,Mu Slip - Wet,5,0.6785805431680307,0.07200575993116878,0.3401876604287949,2025-11-14
225,50,19,7.0,6000.0,200,64,Apollo,ASPIRE 5,ST604,3C,Mu Slip - Wet,6,0.6570696140628621,0.1185224866584844,0.3464239640922446,2025-11-14
225,50,19,7.0,6000.0,200,64,Apollo,ASPIRE 5,ST604,3C,Mu Slip - Dry,1,1.002477014183996,0.1090542122870239,0.6443197705324513,2025-11-14
225,50,19,7.0,6000.0,200,64,Apollo,ASPIRE 5,ST604,3C,Mu Slip - Dry,2,0.9643437786480593,0.1043802214950805,0.6232122384607928,2025-11-14
225,50,19,7.0,6000.0,200,64,Apollo,ASPIRE 5,ST604,3C,Mu Slip - Dry,3,1.002716686288876,0.09914506761017414,0.6298675690538359,2025-11-14
225,50,19,7.0,6000.0,200,64,Apollo,ASPIRE 5,ST604,3C,Mu Slip - Dry,4,0.9716123739363705,0.1054436716536998,0.6237704689028707,2025-11-14
225,50,19,7.0,6000.0,200,64,Apollo,ASPIRE 5,ST604,3C,Mu Slip - Dry,5,0.9933146224599716,0.08653188375739825,0.621372987904234,2025-11-14
225,50,19,7.0,6000.0,200,64,Apollo,ASPIRE 5,ST604,3C,Mu Slip - Dry,6,1.022906331479025,0.1310593031004802,0.6358784775140864,2025-11-14
225,50,19,7.0,6000.0,200,64,Apollo,ASPIRE 5,ST498,3A,Mu Slip - Wet,1,0.8324588292814651,0.1054286323589032,0.4095535694724305,2025-11-14
225,50,19,7.0,6000.0,200,64,Apollo,ASPIRE 5,ST498,3A,Mu Slip - Wet,2,0.8765606640676088,0.08820770255123761,0.4224144574621015,2025-11-14
225,50,19,7.0,6000.0,200,64,Apollo,ASPIRE 5,ST498,3A,Mu Slip - Wet,3,0.8678990716401305,0.1075447519312202,0.3898339471716283,2025-11-14
225,50,19,7.0,6000.0,200,64,Apollo,ASPIRE 5,ST498,3A,Mu Slip - Wet,4,0.8515736833569967,0.1166678314435445,0.3862664909681428,2025-11-14
225,50,19,7.0,6000.0,200,64,Apollo,ASPIRE 5,ST498,3A,Mu Slip - Wet,5,0.8926723863582549,0.08416763816557084,0.3937990685157472,2025-11-14
225,50,19,7.0,6000.0,200,64,Apollo,ASPIRE 5,ST498,3A,Mu Slip - Wet,6,0.8266864403352543,0.09611651161043241,0.3790944657437744,2025-11-14
225,50,19,7.0,6000.0,200,64,Apollo,ASPIRE 5,ST498,3A,Mu Slip - Dry,1,1.01675877196757,0.1499947305328108,0.6456575840996596,2025-11-14
225,50,19,7.0,6000.0,200,64,Apollo,ASPIRE 5,ST498,3A,Mu Slip - Dry,2,1.028425475062435,0.09674821789433588,0.6661466675409132,2025-11-14
225,50,19,7.0,6000.0,200,64,Apollo,ASPIRE 5,ST498,3A,Mu Slip - Dry,3,1.070357242255731,0.1520742253234322,0.6432968068701058,2025-11-14
225,50,19,7.0,6000.0,200,64,Apollo,ASPIRE 5,ST498,3A,Mu Slip - Dry,4,1.043348786135516,0.1220073373340071,0.631403717317349,2025-11-14
225,50,19,7.0,6000.0,200,64,Apollo,ASPIRE 5,ST498,3A,Mu Slip - Dry,5,1.03193373804131,0.1243733109437255,0.6418380610918437,2025-11-14
225,50,19,7.0,6000.0,200,64,Apollo,ASPIRE 5,ST498,3A,Mu Slip - Dry,6,1.031995086748961,0.1326410076912264,0.6540111319371095,2025-11-14
225,50,18,7.0,6000.0,200,64,GOODYEAR,ASSURANCE TRIPLEMAXX,,BM,Mu Slip - Wet,1,0.7905556033580363,0.1410847589091078,0.4695846961595646,2025-10-29
225,50,18,7.0,6000.0,200,64,GOODYEAR,ASSURANCE TRIPLEMAXX,,BM,Mu Slip - Wet,2,0.8058589144267359,0.09991375501310644,0.4737042117425577,2025-10-29
225,50,18,7.0,6000.0,200,64,GOODYEAR,ASSURANCE TRIPLEMAXX,,BM,Mu Slip - Wet,3,0.8020365195207007,0.1266128332311263,0.4941266166383535,2025-10-29
225,50,18,7.0,6000.0,200,64,GOODYEAR,ASSURANCE TRIPLEMAXX,,BM,Mu Slip - Wet,4,0.8234572539335788,0.08131951630557188,0.4511245213072903,2025-10-29
225,50,18,7.0,6000.0,200,64,GOODYEAR,ASSURANCE TRIPLEMAXX,,BM,Mu Slip - Wet,5,0.777392197545689,0.1343357884872121,0.4288264961408599,2025-10-29
225,50,18,7.0,6000.0,200,64,GOODYEAR,ASSURANCE TRIPLEMAXX,,BM,Mu Slip - Wet,6,0.7663493194652266,0.117180672161794,0.4456897599300936,2025-10-29
225,50,18,7.0,6000.0,200,64,GOODYEAR,ASSURANCE TRIPLEMAXX,,BM,Mu Slip - Dry,1,0.914771969778406,0.1618156703592456,0.7602459986263886,2025-10-29
225,50,18,7.0,6000.0,200,64,GOODYEAR,ASSURANCE TRIPLEMAXX,,BM,Mu Slip - Dry,2,0.9142194018810053,0.1335841926858992,0.7953152977304133,2025-10-29
225,50,18,7.0,6000.0,200,64,GOODYEAR,ASSURANCE TRIPLEMAXX,,BM,Mu Slip - Dry,3,0.9383499544544283,0.1189666202722101,0.6635839428385845,2025-10-29
225,50,18,7.0,6000.0,200,64,GOODYEAR,ASSURANCE TRIPLEMAXX,,BM,Mu Slip - Dry,4,0.8977624164742923,0.1498926980490914,0.7152370707308005,2025-10-29
225,50,18,7.0,6000.0,200,64,GOODYEAR,ASSURANCE TRIPLEMAXX,,BM,Mu Slip - Dry,5,0.950980647769267,0.1279725342950574,0.7088524217957305,2025-10-29
225,50,18,7.0,6000.0,200,64,GOODYEAR,ASSURANCE TRIPLEMAXX,,BM,Mu Slip - Dry,6,0.9624898651164944,0.09368351806667155,0.6804090338113625,2025-10-29
225,50,19,7.0,6000.0,200,64,Apollo,ASPIRE 5,ST498,1A,Mu Slip - Wet,1,0.80997357240604,0.1209439299691356,0.4262299732917957,2025-10-29
225,50,19,7.0,6000.0,200,64,Apollo,ASPIRE 5,ST498,1A,Mu Slip - Wet,2,0.850107079150931,0.1030242627598972,0.4589916481012881,2025-10-29
225,50,19,7.0,6000.0,200,64,Apollo,ASPIRE 5,ST498,1A,Mu Slip - Wet,3,0.835767185116621,0.09485983270306844,0.4322150315212003,2025-10-29
225,50,19,7.0,6000.0,200,64,Apollo,ASPIRE 5,ST498,1A,Mu Slip - Wet,4,0.8559555546060329,0.1013430666952367,0.4619600395742298,2025-10-29
225,50,19,7.0,6000.0,200,64,Apollo,ASPIRE 5,ST498,1A,Mu Slip - Wet,5,0.8454982495180033,0.1074390976420923,0.4919527824254047,2025-10-29
225,50,19,7.0,6000.0,200,64,Apollo,ASPIRE 5,ST498,1A,Mu Slip - Wet,6,0.8302481141563778,0.1177932118771451,0.4431895288531428,2025-10-29
225,50,19,7.0,6000.0,200,64,Apollo,ASPIRE 5,ST498,1A,Mu Slip - Dry,1,0.9614492656818653,0.0928303909394923,0.6626699683482646,2025-10-29
225,50,19,7.0,6000.0,200,64,Apollo,ASPIRE 5,ST498,1A,Mu Slip - Dry,2,0.9686783965058889,0.09856431966973349,0.60379986295137,2025-10-29
225,50,19,7.0,6000.0,200,64,Apollo,ASPIRE 5,ST498,1A,Mu Slip - Dry,3,0.9724134251616597,0.1365649202165469,0.6267245264977598,2025-10-29
225,50,19,7.0,6000.0,200,64,Apollo,ASPIRE 5,ST498,1A,Mu Slip - Dry,4,0.9740681761133667,0.1225441078611278,0.6208885705222811,2025-10-29
225,50,19,7.0,6000.0,200,64,Apollo,ASPIRE 5,ST498,1A,Mu Slip - Dry,5,0.9451988834749647,0.1389853917733788,0.6182106822226947,2025-10-29
225,50,19,7.0,6000.0,200,64,Apollo,ASPIRE 5,ST498,1A,Mu Slip - Dry,6,0.9612261371931217,0.1011223045707204,0.6220054362038743,2025-10-29
225,50,19,7.0,6000.0,200,64,Apollo,ASPIRE 5,ST498,1C,Mu Slip - Wet,1,0.8208342320088592,0.1120674435915676,0.4529550609856894,2025-10-29
225,50,19,7.0,6000.0,200,64,Apollo,ASPIRE 5,ST498,1C,Mu Slip - Wet,2,0.8385558599954429,0.1117668725608953,0.4731011469833147,2025-10-29
225,50,19,7.0,6000.0,200,64,Apollo,ASPIRE 5,ST498,1C,Mu Slip - Wet,3,0.823699517131276,0.1453607694800957,0.4642783017025672,2025-10-29
225,50,19,7.0,6000.0,200,64,Apollo,ASPIRE 5,ST498,1C,Mu Slip - Wet,4,0.829918764625225,0.1558260447191351,0.4532363164702088,2025-10-29
225,50,19,7.0,6000.0,200,64,Apollo,ASPIRE 5,ST498,1C,Mu Slip - Wet,5,0.8423715346908857,0.09197846570909685,0.4386312710479312,2025-10-29
225,50,19,7.0,6000.0,200,64,Apollo,ASPIRE 5,ST498,1C,Mu Slip - Wet,6,0.8488190701781677,0.09919517856689437,0.4924627784917549,2025-10-29
225,50,19,7.0,6000.0,200,64,Apollo,ASPIRE 5,ST498,1C,Mu Slip - Dry,1,0.9543459547531293,0.1427030002108111,0.6302381635888337,2025-10-29
225,50,19,7.0,6000.0,200,64,Apollo,ASPIRE 5,ST498,1C,Mu Slip - Dry,2,0.9831623831910641,0.1288916391556403,0.6413885135253635,2025-10-29
225,50,19,7.0,6000.0,200,64,Apollo,ASPIRE 5,ST498,1C,Mu Slip - Dry,3,0.946736113093041,0.1381596910724746,0.6674655543508287,2025-10-29
225,50,19,7.0,6000.0,200,64,Apollo,ASPIRE 5,ST498,1C,Mu Slip - Dry,4,0.9794745713027042,0.06895985826346915,0.7112035361866202,2025-10-29
225,50,19,7.0,6000.0,200,64,Apollo,ASPIRE 5,ST498,1C,Mu Slip - Dry,5,0.9556417249284106,0.1299434046738703,0.6644251329074758,2025-10-29
225,50,19,7.0,6000.0,200,64,Apollo,ASPIRE 5,ST498,1C,Mu Slip - Dry,6,0.9823544022166617,0.09674921555912167,0.7340032152113238,2025-10-29
185,65,15,5.5,4905.0,230,80,BRIDGESTONE,ECOPIA EP150,,BM,Mu Slip - Dry,1,0.9029939360232662,0.1339638678409317,0.7096773880965332,2025-11-25
185,65,15,5.5,4905.0,230,80,BRIDGESTONE,ECOPIA EP150,,BM,Mu Slip - Dry,2,0.9103335920419522,0.1019330849240998,0.7395700304732551,2025-11-25
185,65,15,5.5,4905.0,230,80,BRIDGESTONE,ECOPIA EP150,,BM,Mu Slip - Dry,3,0.9292937998638735,0.1086693059085196,0.793467006713527,2025-11-25
185,65,15,5.5,4905.0,230,80,BRIDGESTONE,ECOPIA EP150,,BM,Mu Slip - Dry,4,0.8888077146851263,0.1530116636020339,0.713594741921012,2025-11-25
185,65,15,5.5,4905.0,230,80,BRIDGESTONE,ECOPIA EP150,,BM,Mu Slip - Dry,5,0.9072224938995541,0.1246438795177976,0.7389024636594137,2025-11-25
185,65,15,5.5,4905.0,230,80,BRIDGESTONE,ECOPIA EP150,,BM,Mu Slip - Dry,6,0.882933522707738,0.1765330084494915,0.6932747188462837,2025-11-25
185,65,15,5.5,4905.0,230,80,Apollo,Alnac 5,ST516,A1,Mu Slip - Dry,1,0.9452997829616423,0.1224095919733013,0.5693146685031659,2025-11-25
185,65,15,5.5,4905.0,230,80,Apollo,Alnac 5,ST516,A1,Mu Slip - Dry,2,0.9717080418004663,0.09998905598934069,0.6449425403435072,2025-11-25
185,65,15,5.5,4905.0,230,80,Apollo,Alnac 5,ST516,A1,Mu Slip - Dry,3,0.9641897425414184,0.108358940479954,0.5854391032831389,2025-11-25
185,65,15,5.5,4905.0,230,80,Apollo,Alnac 5,ST516,A1,Mu Slip - Dry,4,0.9873195700141164,0.1414436100948505,0.6204085474001889,2025-11-25
185,65,15,5.5,4905.0,230,80,Apollo,Alnac 5,ST516,A1,Mu Slip - Dry,5,0.9818847877651369,0.1156619861781283,0.6063676575859087,2025-11-25
185,65,15,5.5,4905.0,230,80,Apollo,Alnac 5,ST516,A1,Mu Slip - Dry,6,0.9893746003573429,0.1347927272654663,0.609767172014903,2025-11-25
185,65,15,5.5,4905.0,230,80,Apollo,Alnac 5,ST516,A2,Mu Slip - Dry,1,0.9477607130522667,0.1267180889147362,0.5832892458532852,2025-11-25
185,65,15,5.5,4905.0,230,80,Apollo,Alnac 5,ST516,A2,Mu Slip - Dry,2,0.9886144405742602,0.122141982077504,0.6309648790717561,2025-11-25
185,65,15,5.5,4905.0,230,80,Apollo,Alnac 5,ST516,A2,Mu Slip - Dry,3,0.9557677961817774,0.1379578387722376,0.5920441279707681,2025-11-25
185,65,15,5.5,4905.0,230,80,Apollo,Alnac 5,ST516,A2,Mu Slip - Dry,4,0.9559291759846786,0.1434690950142471,0.6125835606236796,2025-11-25
185,65,15,5.5,4905.0,230,80,Apollo,Alnac 5,ST516,A2,Mu Slip - Dry,5,0.9796565026702158,0.09459007957730527,0.6097172740275438,2025-11-25
185,65,15,5.5,4905.0,230,80,Apollo,Alnac 5,ST516,A2,Mu Slip - Dry,6,0.9677000813563282,0.1449934119666872,0.6064978522640776,2025-11-25
215,55,17,6.5,5052.150000000001,230,80,NEXEN,NFERA SU1,,BM,Mu Slip - Dry,1,0.9372351449659483,0.1244447780775006,0.6045246687092026,2025-11-11
215,55,17,6.5,5052.150000000001,230,80,NEXEN,NFERA SU1,,BM,Mu Slip - Dry,2,0.916027137058332,0.06232672345276402,0.6145713757146629,2025-11-11
215,55,17,6.5,5052.150000000001,230,80,NEXEN,NFERA SU1,,BM,Mu Slip - Dry,3,0.9517633981372253,0.1390459690120017,0.6409025549428529,2025-11-11
215,55,17,6.5,5052.150000000001,230,80,NEXEN,NFERA SU1,,BM,Mu Slip - Dry,4,1.007025746502481,0.1033769994760625,0.6317937092025045,2025-11-11
215,55,17,6.5,5052.150000000001,230,80,NEXEN,NFERA SU1,,BM,Mu Slip - Dry,5,0.9591267502313447,0.1109802182843013,0.6178288076212637,2025-11-11
215,55,17,6.5,5052.150000000001,230,80,NEXEN,NFERA SU1,,BM,Mu Slip - Dry,6,0.9881463174048688,0.1104513503787386,0.5971921668181505,2025-11-11
215,55,17,6.5,5052.150000000001,230,80,Apollo,APTERRA CROSS,ST498,1I,Mu Slip - Dry,1,0.9363695403408479,0.1402776574061445,0.5990164698249204,2025-11-11
215,55,17,6.5,5052.150000000001,230,80,Apollo,APTERRA CROSS,ST498,1I,Mu Slip - Dry,2,0.9835112237902779,0.1149518201260139,0.6280233346398273,2025-11-11
215,55,17,6.5,5052.150000000001,230,80,Apollo,APTERRA CROSS,ST498,1I,Mu Slip - Dry,3,0.9681369739217155,0.1471697695559212,0.6773136690644588,2025-11-11
215,55,17,6.5,5052.150000000001,230,80,Apollo,APTERRA CROSS,ST498,1I,Mu Slip - Dry,4,0.9779171147689846,0.1540362486164659,0.6106752442748528,2025-11-11
215,55,17,6.5,5052.150000000001,230,80,Apollo,APTERRA CROSS,ST498,1I,Mu Slip - Dry,5,1.00310174217049,0.1388463310742591,0.7097027680119542,2025-11-11
215,55,17,6.5,5052.150000000001,230,80,Apollo,APTERRA CROSS,ST498,1I,Mu Slip - Dry,6,0.9747052767617627,0.1420583064540031,0.6209062682090316,2025-11-11
215,55,17,6.5,5052.150000000001,230,80,Apollo,APTERRA CROSS,ST498,IG,Mu Slip - Dry,1,0.9270293539510355,0.1715728325677443,0.6263704259645804,2025-11-11
215,55,17,6.5,5052.150000000001,230,80,Apollo,APTERRA CROSS,ST498,IG,Mu Slip - Dry,2,0.9255328126643814,0.1489365956172794,0.6185375149752848,2025-11-11
215,55,17,6.5,5052.150000000001,230,80,Apollo,APTERRA CROSS,ST498,IG,Mu Slip - Dry,3,0.9247428323533669,0.1649573750976396,0.6981284239503963,2025-11-11
215,55,17,6.5,5052.150000000001,230,80,Apollo,APTERRA CROSS,ST498,IG,Mu Slip - Dry,4,0.9339907956488697,0.1596563858534438,0.6305279282706724,2025-11-11
215,55,17,6.5,5052.150000000001,230,80,Apollo,APTERRA CROSS,ST498,IG,Mu Slip - Dry,5,0.9699114845787653,0.1398083590288413,0.6338890583037862,2025-11-11
215,55,17,6.5,5052.150000000001,230,80,Apollo,APTERRA CROSS,ST498,IG,Mu Slip - Dry,6,0.9471649340496923,0.1976751961261808,0.6776447102486134,2025-11-11
205,65,16,6.0,5052.150000000001,230,80,Apollo,Alnac 4G,ST362,BM,Mu Slip - Dry,1,0.9378184396383891,0.1414725833529019,0.5981576501478535,2025-11-11
205,65,16,6.0,5052.150000000001,230,80,Apollo,Alnac 4G,ST362,BM,Mu Slip - Dry,2,0.9375362088770359,0.1107274961808327,0.5755325983598084,2025-11-11
205,65,16,6.0,5052.150000000001,230,80,Apollo,Alnac 4G,ST362,BM,Mu Slip - Dry,3,0.9626307065445188,0.1062763248608458,0.5679953157481209,2025-11-11
205,65,16,6.0,5052.150000000001,230,80,Apollo,Alnac 4G,ST362,BM,Mu Slip - Dry,4,0.946170923639335,0.1251698928435836,0.5612403448233908,2025-11-11
205,65,16,6.0,5052.150000000001,230,80,Apollo,Alnac 4G,ST362,BM,Mu Slip - Dry,5,0.948128543384887,0.1496705116437211,0.5875272732021732,2025-11-11
205,65,16,6.0,5052.150000000001,230,80,Apollo,Alnac 4G,ST362,BM,Mu Slip - Dry,6,0.9191008972750323,0.1683439742465557,0.5508828914476191,2025-11-11
205,65,16,6.0,5052.150000000001,230,80,Apollo,APTERRA CROSS,ST498,1K,Mu Slip - Dry,1,0.9450887504230125,0.1322799712594501,0.6439048200304119,2025-11-11
205,65,16,6.0,5052.150000000001,230,80,Apollo,APTERRA CROSS,ST498,1K,Mu Slip - Dry,2,0.9430161000066397,0.1250188102665584,0.5987300535549156,2025-11-11
205,65,16,6.0,5052.150000000001,230,80,Apollo,APTERRA CROSS,ST498,1K,Mu Slip - Dry,3,0.9179424179502256,0.1708249990787941,0.6332914863984969,2025-11-11
205,65,16,6.0,5052.150000000001,230,80,Apollo,APTERRA CROSS,ST498,1K,Mu Slip - Dry,4,0.9540917533865425,0.1186793171029152,0.6853480190894081,2025-11-11
205,65,16,6.0,5052.150000000001,230,80,Apollo,APTERRA CROSS,ST498,1K,Mu Slip - Dry,5,0.9328414502924669,0.1273160195451417,0.6115600571691633,2025-11-11
205,65,16,6.0,5052.150000000001,230,80,Apollo,APTERRA CROSS,ST498,1K,Mu Slip - Dry,6,0.9613723406162318,0.1178870537634483,0.6094475865404195,2025-11-11
205,65,16,6.0,5052.150000000001,230,80,Apollo,APTERRA CROSS,ST498,1I,Mu Slip - Dry,1,0.9228512574198474,0.1729842123722115,0.6321175858698188,2025-11-11
205,65,16,6.0,5052.150000000001,230,80,Apollo,APTERRA CROSS,ST498,1I,Mu Slip - Dry,2,0.9408759712152721,0.1535077232553478,0.6020368536757216,2025-11-11
205,65,16,6.0,5052.150000000001,230,80,Apollo,APTERRA CROSS,ST498,1I,Mu Slip - Dry,3,0.9798314472194842,0.1426351116066665,0.6433076922372347,2025-11-11
205,65,16,6.0,5052.150000000001,230,80,Apollo,APTERRA CROSS,ST498,1I,Mu Slip - Dry,4,0.9554692896747587,0.1252756562683118,0.6296164713719449,2025-11-11
205,65,16,6.0,5052.150000000001,230,80,Apollo,APTERRA CROSS,ST498,1I,Mu Slip - Dry,5,0.9133433831976818,0.1828530267909219,0.6384114355131926,2025-11-11
205,65,16,6.0,5052.150000000001,230,80,Apollo,APTERRA CROSS,ST498,1I,Mu Slip - Dry,6,0.9513210960384729,0.1727254244551596,0.6353081711419054,2025-11-11
225,55,18,7.5,7357.5,250,80,VREDESTEIN,ULTRAC VORTI-i,ST552,Regular,Mu Slip - Wet,1,0.7441715726322242,0.1221738492258821,0.6412389021845891,2025-11-04
225,55,18,7.5,7357.5,250,80,VREDESTEIN,ULTRAC VORTI-i,ST552,Regular,Mu Slip - Wet,2,0.8139812588602684,0.1049148715386416,0.6712435672876015,2025-11-04
225,55,18,7.5,7357.5,250,80,VREDESTEIN,ULTRAC VORTI-i,ST552,Regular,Mu Slip - Wet,3,0.7271133138546007,0.1591696403537893,0.5204555044812155,2025-11-04
225,55,18,7.5,7357.5,250,80,VREDESTEIN,ULTRAC VORTI-i,ST552,Regular,Mu Slip - Wet,4,0.8341681064316884,0.08524927827809974,0.5037846413059117,2025-11-04
225,55,18,7.5,7357.5,250,80,VREDESTEIN,ULTRAC VORTI-i,ST552,Regular,Mu Slip - Wet,5,0.7835654385882218,0.09013733145239564,0.5179609816633552,2025-11-04
225,55,18,7.5,7357.5,250,80,VREDESTEIN,ULTRAC VORTI-i,ST552,Regular,Mu Slip - Wet,6,0.798736195054806,0.1090921014670219,0.4853477829628921,2025-11-04
225,55,18,7.5,7357.5,250,80,VREDESTEIN,ULTRAC VORTI-i,ST552,Regular,Mu Slip - Dry,1,0.9785916660091611,0.1343995511922808,0.5917957025427814,2025-11-04
225,55,18,7.5,7357.5,250,80,VREDESTEIN,ULTRAC VORTI-i,ST552,Regular,Mu Slip - Dry,2,0.9403793421706934,0.1582002183566543,0.629324798583818,2025-11-04
225,55,18,7.5,7357.5,250,80,VREDESTEIN,ULTRAC VORTI-i,ST552,Regular,Mu Slip - Dry,3,0.9170705489888075,0.1200739556670181,0.5889875347476654,2025-11-04
225,55,18,7.5,7357.5,250,80,VREDESTEIN,ULTRAC VORTI-i,ST552,Regular,Mu Slip - Dry,4,0.9580756262799689,0.1701325449862097,0.7188900124705466,2025-11-04
225,55,18,7.5,7357.5,250,80,VREDESTEIN,ULTRAC VORTI-i,ST552,Regular,Mu Slip - Dry,5,0.9923488289867393,0.101833642545096,0.6456923592955833,2025-11-04
225,55,18,7.5,7357.5,250,80,VREDESTEIN,ULTRAC VORTI-i,ST362,Regular,Mu Slip - Wet,1,0.7494342793493264,0.160647057976907,0.496497031828942,2025-11-04
225,55,18,7.5,7357.5,250,80,VREDESTEIN,ULTRAC VORTI-i,ST362,Regular,Mu Slip - Wet,2,0.8248023773632754,0.1037951796925703,0.469085338834576,2025-11-04
225,55,18,7.5,7357.5,250,80,VREDESTEIN,ULTRAC VORTI-i,ST362,Regular,Mu Slip - Wet,3,0.8282640559770243,0.0937465755410421,0.4340566994665896,2025-11-04
225,55,18,7.5,7357.5,250,80,VREDESTEIN,ULTRAC VORTI-i,ST362,Regular,Mu Slip - Wet,4,0.8888481157041778,0.09686590833161017,0.4800751095235729,2025-11-04
225,55,18,7.5,7357.5,250,80,VREDESTEIN,ULTRAC VORTI-i,ST362,Regular,Mu Slip - Wet,5,0.7371630130047142,0.1146580155323301,0.4777818157804096,2025-11-04
225,55,18,7.5,7357.5,250,80,VREDESTEIN,ULTRAC VORTI-i,ST362,Regular,Mu Slip - Dry,1,0.9254353584983853,0.1712191949526754,0.548893823114755,2025-11-04
225,55,18,7.5,7357.5,250,80,VREDESTEIN,ULTRAC VORTI-i,ST362,Regular,Mu Slip - Dry,2,0.9547036064457182,0.2172912178445149,0.657066810806722,2025-11-04
225,55,18,7.5,7357.5,250,80,VREDESTEIN,ULTRAC VORTI-i,ST362,Regular,Mu Slip - Dry,3,0.9312632127732696,0.1847347895673541,0.5749278740822283,2025-11-04
225,55,18,7.5,7357.5,250,80,VREDESTEIN,ULTRAC VORTI-i,ST362,Regular,Mu Slip - Dry,4,0.9292170213082404,0.1745643097618551,0.5445715986205157,2025-11-04
225,55,18,7.5,7357.5,250,80,VREDESTEIN,ULTRAC VORTI-i,ST362,Regular,Mu Slip - Dry,5,0.8954696921880345,0.2410526523636469,0.5283150914666888,2025-11-04
225,55,18,7.5,7357.5,250,80,VREDESTEIN,ULTRAC VORTI-i,ST362,Regular,Mu Slip - Dry,6,0.9093257605936262,0.2265626151117258,0.5752976316776756,2025-11-04
225,55,18,7.5,7357.5,250,80,VREDESTEIN,ULTRAC VORTI-i,ST618,T1,Mu Slip - Wet,1,0.8467408006097686,0.1387918297010128,0.5058369866335771,2025-11-05
225,55,18,7.5,7357.5,250,80,VREDESTEIN,ULTRAC VORTI-i,ST618,T1,Mu Slip - Wet,2,0.9196647215779917,0.1203260800034592,0.6030795518639839,2025-11-05
225,55,18,7.5,7357.5,250,80,VREDESTEIN,ULTRAC VORTI-i,ST618,T1,Mu Slip - Wet,3,0.7974223361830441,0.1519160908141057,0.5529167317579369,2025-11-05
225,55,18,7.5,7357.5,250,80,VREDESTEIN,ULTRAC VORTI-i,ST618,T1,Mu Slip - Wet,4,0.8442829426626524,0.1411634866725367,0.6116872671982059,2025-11-05
225,55,18,7.5,7357.5,250,80,VREDESTEIN,ULTRAC VORTI-i,ST618,T1,Mu Slip - Wet,5,0.9191121724843849,0.1356024875729748,0.5678791515325231,2025-11-05
225,55,18,7.5,7357.5,250,80,VREDESTEIN,ULTRAC VORTI-i,ST618,T1,Mu Slip - Wet,6,0.8086265907700717,0.1429471886460005,0.5228794189224104,2025-11-05
225,55,18,7.5,7357.5,250,80,VREDESTEIN,ULTRAC VORTI-i,ST618,T1,Mu Slip - Dry,1,0.932462870461185,0.1421846413792986,0.5700196620456595,2025-11-05
225,55,18,7.5,7357.5,250,80,VREDESTEIN,ULTRAC VORTI-i,ST618,T1,Mu Slip - Dry,2,0.887739218818289,0.1985250112378965,0.5420818474959255,2025-11-05
225,55,18,7.5,7357.5,250,80,VREDESTEIN,ULTRAC VORTI-i,ST618,T1,Mu Slip - Dry,3,0.9359495821967245,0.1382416782327975,0.5661243725779357,2025-11-05
225,55,18,7.5,7357.5,250,80,VREDESTEIN,ULTRAC VORTI-i,ST618,T1,Mu Slip - Dry,4,0.9607423711882545,0.134431758984976,0.5416250786933995,2025-11-05
225,55,18,7.5,7357.5,250,80,VREDESTEIN,ULTRAC VORTI-i,ST618,T1,Mu Slip - Dry,5,0.9470365542820659,0.1604286348176348,0.5755774587890301,2025-11-05
225,55,18,7.5,7357.5,250,80,VREDESTEIN,ULTRAC VORTI-i,ST618,T1,Mu Slip - Dry,6,0.9542576905117176,0.1603585174588247,0.5631922848901945,2025-11-05
225,55,18,7.5,7357.5,250,80,VREDESTEIN,ULTRAC VORTI-i,ST620,T2,Mu Slip - Wet,1,0.8956327511606993,0.106681383800851,0.6338847779727887,2025-11-05
225,55,18,7.5,7357.5,250,80,VREDESTEIN,ULTRAC VORTI-i,ST620,T2,Mu Slip - Wet,2,0.8474162106849995,0.1033918947828794,0.4795736615279275,2025-11-05
225,55,18,7.5,7357.5,250,80,VREDESTEIN,ULTRAC VORTI-i,ST620,T2,Mu Slip - Wet,3,0.789149083884855,0.1286320466538555,0.4394461121583584,2025-11-05
225,55,18,7.5,7357.5,250,80,VREDESTEIN,ULTRAC VORTI-i,ST620,T2,Mu Slip - Wet,4,0.8423798008829892,0.1138099280780188,0.5406571677779131,2025-11-05
225,55,18,7.5,7357.5,250,80,VREDESTEIN,ULTRAC VORTI-i,ST620,T2,Mu Slip - Wet,5,0.7859460539211496,0.1040389631215833,0.4976289547979649,2025-11-05
225,55,18,7.5,7357.5,250,80,VREDESTEIN,ULTRAC VORTI-i,ST620,T2,Mu Slip - Wet,6,0.8183848387297814,0.1012348872790437,0.4367775740533017,2025-11-05
225,55,18,7.5,7357.5,250,80,VREDESTEIN,ULTRAC VORTI-i,ST620,T2,Mu Slip - Dry,1,0.9180611679193534,0.1145265803266523,0.5545940195347668,2025-11-05
225,55,18,7.5,7357.5,250,80,VREDESTEIN,ULTRAC VORTI-i,ST620,T2,Mu Slip - Dry,2,0.909698241242082,0.1527585487988407,0.505633845755368,2025-11-05
225,55,18,7.5,7357.5,250,80,VREDESTEIN,ULTRAC VORTI-i,ST620,T2,Mu Slip - Dry,3,0.8826400921525123,0.2063082855582179,0.5234894084094792,2025-11-05
225,55,18,7.5,7357.5,250,80,VREDESTEIN,ULTRAC VORTI-i,ST620,T2,Mu Slip - Dry,4,0.8899605654380123,0.2517871311427754,0.5445504862436318,2025-11-05
225,55,18,7.5,7357.5,250,80,VREDESTEIN,ULTRAC VORTI-i,ST620,T2,Mu Slip - Dry,5,0.9126211364606501,0.1538696062136563,0.573207099154569,2025-11-05
225,55,18,7.5,7357.5,250,80,VREDESTEIN,ULTRAC VORTI-i,ST620,T2,Mu Slip - Dry,6,0.9188889636980357,0.1331094827721195,0.5423173031798911,2025-11-05
225,55,18,7.5,7357.5,250,80,VREDESTEIN,ULTRAC VORTI-i,ST622,T3,Mu Slip - Wet,1,0.8346300187570279,0.1143359806680529,0.5673192699228315,2025-11-05
225,55,18,7.5,7357.5,250,80,VREDESTEIN,ULTRAC VORTI-i,ST622,T3,Mu Slip - Wet,2,0.8692370234599007,0.06862006574736691,0.5982259146985348,2025-11-05
225,55,18,7.5,7357.5,250,80,VREDESTEIN,ULTRAC VORTI-i,ST622,T3,Mu Slip - Wet,3,0.9030580450859784,0.09886958589707287,0.560457847308315,2025-11-05
225,55,18,7.5,7357.5,250,80,VREDESTEIN,ULTRAC VORTI-i,ST622,T3,Mu Slip - Wet,4,0.8011445540710916,0.09852076065484254,0.4850395468194256,2025-11-05
225,55,18,7.5,7357.5,250,80,VREDESTEIN,ULTRAC VORTI-i,ST622,T3,Mu Slip - Wet,5,0.8303439114306508,0.08721819939424849,0.4151646453130236,2025-11-05
225,55,18,7.5,7357.5,250,80,VREDESTEIN,ULTRAC VORTI-i,ST622,T3,Mu Slip - Wet,6,0.8594277311862666,0.07054412764066541,0.5440266957407782,2025-11-05
225,55,18,7.5,7357.5,250,80,VREDESTEIN,ULTRAC VORTI-i,ST622,T3,Mu Slip - Dry,1,0.9232625615553683,0.1560074229413811,0.5313526218110741,2025-11-05
225,55,18,7.5,7357.5,250,80,VREDESTEIN,ULTRAC VORTI-i,ST622,T3,Mu Slip - Dry,2,0.9089486199120603,0.2004383478039989,0.5713426727093607,2025-11-05
225,55,18,7.5,7357.5,250,80,VREDESTEIN,ULTRAC VORTI-i,ST622,T3,Mu Slip - Dry,3,0.9503046153109835,0.146699560291518,0.6058196423493154,2025-11-05
225,55,18,7.5,7357.5,250,80,VREDESTEIN,ULTRAC VORTI-i,ST622,T3,Mu Slip - Dry,4,0.9057853931901919,0.2358140186910703,0.4978354933634675,2025-11-05
